time;CDS;sofr
1;75.64;0.0319
2;87.07;0.03156
3;100.09;0.02911
4;118.03;0.02809
5;133.43;0.02751
6;142;0.0272
7;148.38;0.02702
10;157.79;0.0271